id;profile_photo;profile_photo_content_type;first_name;last_name;email;phone;address;city;state;zip_code;country
1;../fake-data/blob/hipster.png;image/png;Antwon;Rohan;Janis_Waelchi17@gmail.com;207.972.7530 x002;User-centric Savings;Fort Pierce;Designer aggregate;92473-5599;Niger
2;../fake-data/blob/hipster.png;image/png;Emery;Beahan;Devante.Murazik@gmail.com;1-600-233-9623;overriding Networked Sleek;Oak Lawn;Functionality Manager innovative;27519-2905;Estonia
3;../fake-data/blob/hipster.png;image/png;Gerard;Schinner;Oceane.Treutel72@hotmail.com;1-319-624-5556 x77824;payment HDD Persevering;East Loyceton;circuit Soft Optimization;26273-3669;Seychelles
4;../fake-data/blob/hipster.png;image/png;Berniece;Thompson;Monte79@hotmail.com;1-211-502-4387 x138;Tuna payment;Kerlukeburgh;Hampshire Berkshire transmit;63706;New Caledonia
5;../fake-data/blob/hipster.png;image/png;Shanna;Muller;Makenzie.McGlynn@gmail.com;731.216.2503;payment 1080p auxiliary;New Evangeline;engage Cape calculating;39500;Macedonia
6;../fake-data/blob/hipster.png;image/png;Arlie;Pfannerstill;Austen_Ritchie@gmail.com;(975) 392-6263 x735;Future visionary IB;Cupertino;card;33399-1438;Slovakia (Slovak Republic)
7;../fake-data/blob/hipster.png;image/png;Frederic;Jones;Araceli.Jerde@gmail.com;917-566-4351;Computers;Felipaburgh;Granite Interactions Uruguay;97229-5025;Tokelau
8;../fake-data/blob/hipster.png;image/png;Tatum;Harris;Grover.Schultz@gmail.com;(247) 963-2648;Pula Bedfordshire Markets;South Cleveview;Optimization Park;60065;Malawi
9;../fake-data/blob/hipster.png;image/png;Sadye;Stroman;Clifford_Von77@gmail.com;(814) 808-2297 x64564;compelling Pennsylvania Myanmar;Herzogfurt;Branding SQL;70526-8893;Mayotte
10;../fake-data/blob/hipster.png;image/png;Emilio;Goldner;Desiree.Wisoky@yahoo.com;573-735-1289;plum;Valentinefort;withdrawal moderator;80661;Dominica
