id;resume_summary;job_title
1;../fake-data/blob/hipster.txt;Senior Assurance Facilitator
2;../fake-data/blob/hipster.txt;Principal Markets Facilitator
3;../fake-data/blob/hipster.txt;Central Program Consultant
4;../fake-data/blob/hipster.txt;Internal Optimization Assistant
5;../fake-data/blob/hipster.txt;Internal Applications Associate
6;../fake-data/blob/hipster.txt;Internal Accountability Manager
7;../fake-data/blob/hipster.txt;Dynamic Web Producer
8;../fake-data/blob/hipster.txt;Product Accountability Engineer
9;../fake-data/blob/hipster.txt;Principal Accounts Producer
10;../fake-data/blob/hipster.txt;Dynamic Intranet Agent
